name,price,link,image,source
Product 1,$100,https://www.vedant.com/product1,https://www.vedant.com/product1.jpg,vedant
Product 2,$200,https://www.vedant.com/product2,https://www.vedant.com/product2.jpg,vedant
Product 1,$150,https://www.md.com/product1,https://www.md.com/product1.jpg,md
Product 2,$250,https://www.md.com/product2,https://www.md.com/product2.jpg,md
Product 1,$120,https://www.prime.com/product1,https://www.prime.com/product1.jpg,prime
Product 2,$220,https://www.prime.com/product2,https://www.prime.com/product2.jpg,prime
